<?xml version="1.0"?>
<doc>
    <assembly>
        <name>NetSparkle.UI.WPF</name>
    </assembly>
    <members>
        <member name="T:NetSparkleUpdater.UI.WPF.CheckingForUpdatesWindow">
            <summary>
            Interaction logic for CheckingForUpdatesWindow.xaml
            </summary>
            <summary>
            CheckingForUpdatesWindow
            </summary>
        </member>
        <member name="E:NetSparkleUpdater.UI.WPF.CheckingForUpdatesWindow.UpdatesUIClosing">
            <inheritdoc/>
        </member>
        <member name="M:NetSparkleUpdater.UI.WPF.CheckingForUpdatesWindow.#ctor">
            <summary>
            Create the window that tells the user that SparkleUpdater is checking
            for updates
            </summary>
        </member>
        <member name="M:NetSparkleUpdater.UI.WPF.CheckingForUpdatesWindow.InitializeComponent">
            <summary>
            InitializeComponent
            </summary>
        </member>
        <member name="T:NetSparkleUpdater.UI.WPF.Controls.BaseWindow">
            <summary>
            Base <see cref="T:System.Windows.Window"/> class for most WPF update windows.
            Provides utilities and common code for windows that are shown.
            </summary>
        </member>
        <member name="F:NetSparkleUpdater.UI.WPF.Controls.BaseWindow._isOnMainThread">
            <summary>
            Whether or not this Window is on the main thread or not
            </summary>
        </member>
        <member name="F:NetSparkleUpdater.UI.WPF.Controls.BaseWindow._hasInitiatedShutdown">
            <summary>
            Whether or not the close window code has been called yet
            (so that it is not called more than one time).
            </summary>
        </member>
        <member name="M:NetSparkleUpdater.UI.WPF.Controls.BaseWindow.#ctor">
            <summary>
            Public, default construtor for BaseWindow objects
            </summary>
        </member>
        <member name="M:NetSparkleUpdater.UI.WPF.Controls.BaseWindow.#ctor(System.Boolean)">
            <summary>
            Create a BaseWindow and set up the closing event handler
            if requested
            </summary>
            <param name="useClosingEvent">true to use the <see cref="E:System.Windows.Window.Closing"/>
            event handler; false otherwise</param>
        </member>
        <member name="M:NetSparkleUpdater.UI.WPF.Controls.BaseWindow.ShowWindow(System.Boolean)">
            <summary>
            Show this window to the user.
            </summary>
            <param name="isOnMainThread">true if the window is being shown while
            on the main thread; false otherwise</param>
        </member>
        <member name="M:NetSparkleUpdater.UI.WPF.Controls.BaseWindow.CloseWindow">
            <summary>
            Close the window and shut down the UI dispatcher if necessary
            </summary>
        </member>
        <member name="M:NetSparkleUpdater.UI.WPF.Controls.BaseWindow.BringToFront">
            <summary>
            Bring this window to the front of all other windows by temporarily
            setting Topmost to true.
            </summary>
        </member>
        <member name="T:NetSparkleUpdater.UI.WPF.DownloadProgressWindow">
            <summary>
            Interaction logic for DownloadProgressWindow.xaml
            </summary>
            <summary>
            DownloadProgressWindow
            </summary>
        </member>
        <member name="E:NetSparkleUpdater.UI.WPF.DownloadProgressWindow.DownloadProcessCompleted">
            <summary>
            Event to fire when the download UI is complete; tells you 
            if the install process should happen or not
            </summary>
        </member>
        <member name="M:NetSparkleUpdater.UI.WPF.DownloadProgressWindow.OnDownloadProgressChanged(System.Object,System.Int64,System.Int64,System.Int32)">
            <summary>
            Event called when the client download progress changes
            </summary>
        </member>
        <member name="M:NetSparkleUpdater.UI.WPF.DownloadProgressWindow.InitializeComponent">
            <summary>
            InitializeComponent
            </summary>
        </member>
        <member name="M:NetSparkleUpdater.UI.WPF.IconUtilities.ToImageSource(System.Drawing.Icon)">
            <summary>
            Convert System.Drawing.Icon to System.Windows.Media.ImageSource.
             From: https://stackoverflow.com/a/6580799/3938401
            </summary>
            <param name="icon"></param>
            <returns></returns>
        </member>
        <member name="T:NetSparkleUpdater.UI.WPF.MessageNotificationWindow">
            <summary>
            Interaction logic for MessageNotificationWindow.xaml
            </summary>
            <summary>
            MessageNotificationWindow
            </summary>
        </member>
        <member name="M:NetSparkleUpdater.UI.WPF.MessageNotificationWindow.InitializeComponent">
            <summary>
            InitializeComponent
            </summary>
        </member>
        <member name="T:NetSparkleUpdater.UI.WPF.ToastNotification">
            <summary>
            Interaction logic for ToastNotification.xaml
            </summary>
            <summary>
            ToastNotification
            </summary>
        </member>
        <member name="M:NetSparkleUpdater.UI.WPF.ToastNotification.Show(System.String,System.String,System.Int32)">
            <summary>
            Show the toast
            </summary>
            <param name="message">Main message of the toast</param>
            <param name="callToAction">Text of the hyperlink</param>
            <param name="seconds">How long to show before it goes back down</param>
        </member>
        <member name="M:NetSparkleUpdater.UI.WPF.ToastNotification.InitializeComponent">
            <summary>
            InitializeComponent
            </summary>
        </member>
        <member name="T:NetSparkleUpdater.UI.WPF.UIFactory">
            <summary>
            UI factory for default interface
            </summary>
        </member>
        <member name="M:NetSparkleUpdater.UI.WPF.UIFactory.#ctor">
            <summary>
            Create a new UIFactory for WPF applications
            </summary>
        </member>
        <member name="M:NetSparkleUpdater.UI.WPF.UIFactory.#ctor(System.Windows.Media.ImageSource)">
            <summary>
            Create a new UIFactory for WPF applications with the given
            application icon to show in all update windows
            </summary>
            <param name="applicationIcon">the <see cref="T:System.Windows.Media.ImageSource"/> to show in all windows</param>
        </member>
        <member name="P:NetSparkleUpdater.UI.WPF.UIFactory.HideReleaseNotes">
            <inheritdoc/>
        </member>
        <member name="P:NetSparkleUpdater.UI.WPF.UIFactory.HideSkipButton">
            <inheritdoc/>
        </member>
        <member name="P:NetSparkleUpdater.UI.WPF.UIFactory.HideRemindMeLaterButton">
            <inheritdoc/>
        </member>
        <member name="M:NetSparkleUpdater.UI.WPF.UIFactory.CreateUpdateAvailableWindow(NetSparkleUpdater.SparkleUpdater,System.Collections.Generic.List{NetSparkleUpdater.AppCastItem},System.Boolean)">
            <inheritdoc/>
        </member>
        <member name="M:NetSparkleUpdater.UI.WPF.UIFactory.CreateProgressWindow(NetSparkleUpdater.AppCastItem)">
            <inheritdoc/>
        </member>
        <member name="M:NetSparkleUpdater.UI.WPF.UIFactory.ShowCheckingForUpdates">
            <inheritdoc/>
        </member>
        <member name="M:NetSparkleUpdater.UI.WPF.UIFactory.Init">
            <inheritdoc/>
        </member>
        <member name="M:NetSparkleUpdater.UI.WPF.UIFactory.ShowUnknownInstallerFormatMessage(System.String)">
            <inheritdoc/>
        </member>
        <member name="M:NetSparkleUpdater.UI.WPF.UIFactory.ShowVersionIsUpToDate">
            <inheritdoc/>
        </member>
        <member name="M:NetSparkleUpdater.UI.WPF.UIFactory.ShowVersionIsSkippedByUserRequest">
            <inheritdoc/>
        </member>
        <member name="M:NetSparkleUpdater.UI.WPF.UIFactory.ShowCannotDownloadAppcast(System.String)">
            <inheritdoc/>
        </member>
        <member name="M:NetSparkleUpdater.UI.WPF.UIFactory.CanShowToastMessages">
            <inheritdoc/>
        </member>
        <member name="M:NetSparkleUpdater.UI.WPF.UIFactory.ShowToast(System.Collections.Generic.List{NetSparkleUpdater.AppCastItem},System.Action{System.Collections.Generic.List{NetSparkleUpdater.AppCastItem}})">
            <inheritdoc/>
        </member>
        <member name="M:NetSparkleUpdater.UI.WPF.UIFactory.ShowDownloadErrorMessage(System.String,System.String)">
            <inheritdoc/>
        </member>
        <member name="M:NetSparkleUpdater.UI.WPF.UIFactory.Shutdown">
            <inheritdoc/>
        </member>
        <member name="T:NetSparkleUpdater.UI.WPF.UpdateAvailableWindow">
            <summary>
            Interaction logic for UpdateAvailableWindow.xaml
            </summary>
            <summary>
            UpdateAvailableWindow
            </summary>
        </member>
        <member name="M:NetSparkleUpdater.UI.WPF.UpdateAvailableWindow.InitializeComponent">
            <summary>
            InitializeComponent
            </summary>
        </member>
    </members>
</doc>
